{
    "loss": 0.6530674695968628,
    "accuracy": 0.9396551847457886
}